VIN_1_10,County,City,State,Postal_Code,Model_Year,Make,Model,Electric_Vehicle_Type,Clean_Alternative_Fuel_Vehicle_CAFV_Eligibility,Electric_Range,Base_MSRP,Legislative_District,DOL_Vehicle_ID,Vehicle_Location,Electric_Utility,_2020_Census_Tract
JTMEB3FV6N,Monroe,Key West,FL,33040,2022,TOYOTA,RAV4 PRIME,Plug-in Hybrid Electric Vehicle (PHEV),Clean Alternative Fuel Vehicle Eligible,42,0,NULL,198968248,POINT (-81.80023 24.5545),NULL,12087972100
1G1RD6E45D,Clark,Laughlin,NV,89029,2013,CHEVROLET,VOLT,Plug-in Hybrid Electric Vehicle (PHEV),Clean Alternative Fuel Vehicle Eligible,38,0,NULL,5204412,POINT (-114.57245 35.16815),NULL,32003005702
3C3CFFGE3G,St. Clair,Mascoutah,IL,62258,2016,FIAT,500,Battery Electric Vehicle (BEV),Clean Alternative Fuel Vehicle Eligible,84,0,NULL,153786167,POINT (-89.79939 38.49028),NULL,17163504356
5YJXCAE28G,Saratoga,Greenfield Center,NY,12833,2016,TESLA,MODEL X,Battery Electric Vehicle (BEV),Clean Alternative Fuel Vehicle Eligible,200,0,NULL,218050878,POINT (-73.84643 43.1284),NULL,36091060601
5YJSA1E22G,Newport News,Newport News,VA,23602,2016,TESLA,MODEL S,Battery Electric Vehicle (BEV),Clean Alternative Fuel Vehicle Eligible,210,0,NULL,111593331,POINT (-76.53585 37.10499),NULL,51700032131
WBY1Z4C5XG,Jackson,Altus,OK,73521,2016,BMW,I3,Plug-in Hybrid Electric Vehicle (PHEV),Clean Alternative Fuel Vehicle Eligible,72,0,NULL,212273260,POINT (-99.33374 34.63783),NULL,40065968500
5YJ3E1EB3J,Lake,Highland Park,IL,60035,2018,TESLA,MODEL 3,Battery Electric Vehicle (BEV),Clean Alternative Fuel Vehicle Eligible,215,0,NULL,128455015,POINT (-87.7992 42.18569),NULL,17097865501
5YJYGDEE2L,Lake,Gurnee,IL,60031,2020,TESLA,MODEL Y,Battery Electric Vehicle (BEV),Clean Alternative Fuel Vehicle Eligible,291,0,NULL,110357341,POINT (-87.91441 42.36495),NULL,17097861609
5YJ3E1EB0M,Geary,Junction City,KS,66441,2021,TESLA,MODEL 3,Battery Electric Vehicle (BEV),Eligibility unknown as battery range has not been researched,0,0,NULL,169592412,POINT (-96.83046 39.02826),NULL,20061000300
3MW5P9J02M,Fairfax,Alexandria,VA,22308,2021,BMW,330E,Plug-in Hybrid Electric Vehicle (PHEV),Not eligible due to low battery range,20,0,NULL,144270374,POINT (-77.05745 38.74002),NULL,51059415500
WVWKR7AU6K,Sonoma,Sonoma,CA,95476,2019,VOLKSWAGEN,E-GOLF,Battery Electric Vehicle (BEV),Clean Alternative Fuel Vehicle Eligible,125,0,NULL,220375774,POINT (-122.45728 38.29188),NULL,6097150306
5YJ3E1EB5L,Douglas,Omaha,NE,68110,2020,TESLA,MODEL 3,Battery Electric Vehicle (BEV),Clean Alternative Fuel Vehicle Eligible,322,0,NULL,105044733,POINT (-95.94513 41.30481),NULL,31055000500
5YJ3E1EA0J,Riverside,Wildomar,CA,92595,2018,TESLA,MODEL 3,Battery Electric Vehicle (BEV),Clean Alternative Fuel Vehicle Eligible,215,0,NULL,196439911,POINT (-117.26237 33.61236),NULL,6065043271
5YJXCDE46J,Orange,Aliso Viejo,CA,92656,2018,TESLA,MODEL X,Battery Electric Vehicle (BEV),Clean Alternative Fuel Vehicle Eligible,238,0,NULL,229979662,POINT (-117.72682 33.56964),NULL,6059062639
5YJ3E1EB1M,Clark,Las Vegas,NV,89147,2021,TESLA,MODEL 3,Battery Electric Vehicle (BEV),Eligibility unknown as battery range has not been researched,0,0,NULL,208268000,POINT (-115.29715 36.11477),NULL,32003005875
5YJYGAEE0M,Leavenworth,Fort Leavenworth,KS,66027,2021,TESLA,MODEL Y,Battery Electric Vehicle (BEV),Eligibility unknown as battery range has not been researched,0,0,NULL,183244330,POINT (-94.93427 39.34433),NULL,20103981900
JTMAB3FV1M,Contra Costa,Moraga,CA,94556,2021,TOYOTA,RAV4 PRIME,Plug-in Hybrid Electric Vehicle (PHEV),Clean Alternative Fuel Vehicle Eligible,42,0,NULL,170763764,POINT (-122.12775 37.85356),NULL,6013351200
1G1RB6S51H,Howard,Dayton,MD,21036,2017,CHEVROLET,VOLT,Plug-in Hybrid Electric Vehicle (PHEV),Clean Alternative Fuel Vehicle Eligible,53,0,NULL,158341802,POINT (-76.99179 39.2416),NULL,24027605104
5YJ3E1EB8J,Larimer,Timnath,CO,80547,2018,TESLA,MODEL 3,Battery Electric Vehicle (BEV),Clean Alternative Fuel Vehicle Eligible,215,0,NULL,307712436,POINT (-104.98231 40.52978),NULL,8069002505
5YJ3E1EB2L,District of Columbia,Washington,DC,20009,2020,TESLA,MODEL 3,Battery Electric Vehicle (BEV),Clean Alternative Fuel Vehicle Eligible,322,0,NULL,108792855,POINT (-77.04405 38.92033),NULL,11001003600
5YJ3E1EBXM,Washington,Keedysville,MD,21756,2021,TESLA,MODEL 3,Battery Electric Vehicle (BEV),Eligibility unknown as battery range has not been researched,0,0,NULL,142037626,POINT (-77.69839 39.48824),NULL,24043011501
5YJ3E1EC1L,Tipton,Atoka,TN,38004,2020,TESLA,MODEL 3,Battery Electric Vehicle (BEV),Clean Alternative Fuel Vehicle Eligible,308,0,NULL,5024582,POINT (-89.77858 35.44156),NULL,47167040302
5YJSA1E20H,San Diego,San Diego,CA,92124,2017,TESLA,MODEL S,Battery Electric Vehicle (BEV),Clean Alternative Fuel Vehicle Eligible,210,0,NULL,151980573,POINT (-117.07993 32.8347),NULL,6073009506
JTDKARFP4H,Sumter,Sumter,SC,29153,2017,TOYOTA,PRIUS PRIME,Plug-in Hybrid Electric Vehicle (PHEV),Not eligible due to low battery range,25,0,NULL,151203090,POINT (-80.34689 33.95059),NULL,45085000401
5YJSA1E2XG,Prince George's,Upper Marlboro,MD,20774,2016,TESLA,MODEL S,Battery Electric Vehicle (BEV),Clean Alternative Fuel Vehicle Eligible,210,0,NULL,207337350,POINT (-76.84002 38.90272),NULL,24033800521
3FA6P0SU5E,New Haven,Madison,CT,6443,2014,FORD,FUSION,Plug-in Hybrid Electric Vehicle (PHEV),Not eligible due to low battery range,19,0,NULL,148736234,POINT (-72.59507 41.27973),NULL,9009194201
1C4JJXP64M,Lincoln,Lincoln City,OR,97367,2021,JEEP,WRANGLER,Plug-in Hybrid Electric Vehicle (PHEV),Not eligible due to low battery range,25,0,NULL,183141584,POINT (-124.01768 44.93009),NULL,41041950402
1G1FY6S08M,Las Animas,Trinidad,CO,81082,2021,CHEVROLET,BOLT EV,Battery Electric Vehicle (BEV),Eligibility unknown as battery range has not been researched,0,0,NULL,161523736,POINT (-104.50818 37.16772),NULL,8071000800
5YJ3E1EBXK,Frederick,Frederick,MD,21704,2019,TESLA,MODEL 3,Battery Electric Vehicle (BEV),Clean Alternative Fuel Vehicle Eligible,220,0,NULL,114252337,POINT (-77.38938 39.40161),NULL,24021752205
3FA6P0SU9E,Hidalgo,Mcallen,TX,78501,2014,FORD,FUSION,Plug-in Hybrid Electric Vehicle (PHEV),Not eligible due to low battery range,19,0,NULL,119899125,NULL,NULL,48215020732
7SAYGAEE0N,Bexar,San Antonio,TX,78258,2022,TESLA,MODEL Y,Battery Electric Vehicle (BEV),Eligibility unknown as battery range has not been researched,0,0,NULL,196676735,POINT (-98.52212 29.61445),NULL,48029191812
5YJYGDEE6M,Pennington,Rapid City,SD,57701,2021,TESLA,MODEL Y,Battery Electric Vehicle (BEV),Eligibility unknown as battery range has not been researched,0,0,NULL,137174124,POINT (-103.2308 44.08146),NULL,46103010904
2C4RC1N73J,New Haven,Madison,CT,6443,2018,CHRYSLER,PACIFICA,Plug-in Hybrid Electric Vehicle (PHEV),Clean Alternative Fuel Vehicle Eligible,33,0,NULL,133378997,POINT (-72.59507 41.27973),NULL,9009194201
5YJSA1E26K,Honolulu,Honolulu,HI,96818,2019,TESLA,MODEL S,Battery Electric Vehicle (BEV),Clean Alternative Fuel Vehicle Eligible,270,0,NULL,185220493,POINT (-157.94001 21.34183),NULL,15003007400
5UXTA6C04N,Anne Arundel,Odenton,MD,21113,2022,BMW,X5,Plug-in Hybrid Electric Vehicle (PHEV),Clean Alternative Fuel Vehicle Eligible,30,0,NULL,201976519,POINT (-76.69505 39.0814),NULL,24003740704
2C4RC1N72J,Douglas,Omaha,NE,68135,2018,CHRYSLER,PACIFICA,Plug-in Hybrid Electric Vehicle (PHEV),Clean Alternative Fuel Vehicle Eligible,33,0,NULL,322474764,POINT (-96.16579 41.20002),NULL,31055007461
KM8K33AGXN,Montgomery,Silver Spring,MD,20906,2022,HYUNDAI,KONA ELECTRIC,Battery Electric Vehicle (BEV),Eligibility unknown as battery range has not been researched,0,0,NULL,198535893,POINT (-77.07354 39.09303),NULL,24031703220
5YJ3E1EA1J,Houston,Warner Robins,GA,31088,2018,TESLA,MODEL 3,Battery Electric Vehicle (BEV),Clean Alternative Fuel Vehicle Eligible,215,0,NULL,196870201,POINT (-83.66512 32.60833),NULL,13153021124
5YJYGAEE2M,Charleston,Charleston Afb,SC,29404,2021,TESLA,MODEL Y,Battery Electric Vehicle (BEV),Eligibility unknown as battery range has not been researched,0,0,NULL,175339559,POINT (-80.066 32.89244),NULL,45019003200
7SAYGDEE7N,Bexar,San Antonio,TX,78258,2022,TESLA,MODEL Y,Battery Electric Vehicle (BEV),Eligibility unknown as battery range has not been researched,0,0,NULL,209599344,POINT (-98.52212 29.61445),NULL,48029191812
5YJ3E1EBXL,Monterey,Monterey,CA,93940,2020,TESLA,MODEL 3,Battery Electric Vehicle (BEV),Clean Alternative Fuel Vehicle Eligible,322,0,NULL,104155124,POINT (-121.89647 36.5982),NULL,6053013000
5YJ3E1EB3K,Kern,Ridgecrest,CA,93555,2019,TESLA,MODEL 3,Battery Electric Vehicle (BEV),Clean Alternative Fuel Vehicle Eligible,220,0,NULL,312503502,POINT (-117.66798 35.62248),NULL,6029005300
3FA6P0PU8F,Kern,Ridgecrest,CA,93555,2015,FORD,FUSION,Plug-in Hybrid Electric Vehicle (PHEV),Not eligible due to low battery range,19,0,NULL,475775205,POINT (-117.66798 35.62248),NULL,6029005300
5YJSA1E28H,San Diego,San Diego,CA,92102,2017,TESLA,MODEL S,Battery Electric Vehicle (BEV),Clean Alternative Fuel Vehicle Eligible,210,0,NULL,349543435,POINT (-117.10893 32.71148),NULL,6073004400
WAUTPBFF5H,Napa,Napa,CA,94559,2017,AUDI,A3,Plug-in Hybrid Electric Vehicle (PHEV),Not eligible due to low battery range,16,0,NULL,219652191,POINT (-122.28541 38.29911),NULL,6055200201
YV1BK0EP3N,San Diego,San Diego,CA,92111,2022,VOLVO,V60,Plug-in Hybrid Electric Vehicle (PHEV),Not eligible due to low battery range,22,0,NULL,226150627,POINT (-117.17188 32.81936),NULL,6073008509
5YJ3E1EA8K,Loudoun,Aldie,VA,20105,2019,TESLA,MODEL 3,Battery Electric Vehicle (BEV),Clean Alternative Fuel Vehicle Eligible,220,0,NULL,475473743,POINT (-77.6513 38.97842),NULL,51107611809
5YJYGDEE9M,Harrison,Biloxi,MS,39531,2021,TESLA,MODEL Y,Battery Electric Vehicle (BEV),Eligibility unknown as battery range has not been researched,0,0,NULL,138169265,POINT (-88.9941 30.39451),NULL,28047001203
5YJ3E1EB4J,San Diego,San Diego,CA,92103,2018,TESLA,MODEL 3,Battery Electric Vehicle (BEV),Clean Alternative Fuel Vehicle Eligible,215,0,NULL,138183839,POINT (-117.17592 32.73722),NULL,6073000301
5YJ3E1EA0L,San Diego,Chula Vista,CA,91913,2020,TESLA,MODEL 3,Battery Electric Vehicle (BEV),Clean Alternative Fuel Vehicle Eligible,266,0,NULL,215073008,POINT (-116.97437 32.61628),NULL,6073013317
7SAYGDEF1N,Pulaski,Little Rock,AR,72205,2022,TESLA,MODEL Y,Battery Electric Vehicle (BEV),Eligibility unknown as battery range has not been researched,0,0,NULL,209624852,POINT (-92.32538 34.75693),NULL,5119001501
5UXKT0C36H,Cumberland,Fayetteville,NC,28305,2017,BMW,X5,Plug-in Hybrid Electric Vehicle (PHEV),Not eligible due to low battery range,14,0,NULL,110287313,POINT (-78.90159 35.05792),NULL,37051000900
JTDKN3DPXC,Los Angeles,Lakewood,CA,90713,2012,TOYOTA,PRIUS PLUG-IN,Plug-in Hybrid Electric Vehicle (PHEV),Not eligible due to low battery range,6,0,NULL,247180615,POINT (-118.11725 33.861),NULL,6037571000
WAUUPBFF9H,Ray,Rayville,MO,64084,2017,AUDI,A3,Plug-in Hybrid Electric Vehicle (PHEV),Not eligible due to low battery range,16,0,NULL,142243125,POINT (-94.06331 39.34793),NULL,29177080001
YV1BK0EP2M,San Diego,San Diego,CA,92107,2021,VOLVO,V60,Plug-in Hybrid Electric Vehicle (PHEV),Not eligible due to low battery range,22,0,NULL,151141518,POINT (-117.24736 32.74626),NULL,6073007002
JTDKN3DP5F,Salt Lake,Salt Lake City,UT,84115,2015,TOYOTA,PRIUS PLUG-IN,Plug-in Hybrid Electric Vehicle (PHEV),Not eligible due to low battery range,6,0,NULL,138270667,POINT (-111.89452 40.73992),NULL,49035111701
5YJ3E1EB8K,Clark,North Las Vegas,NV,89084,2019,TESLA,MODEL 3,Battery Electric Vehicle (BEV),Clean Alternative Fuel Vehicle Eligible,220,0,NULL,477326650,POINT (-115.20278 36.29143),NULL,32003003619
1FADP5CU7E,Clark,Las Vegas,NV,89118,2014,FORD,C-MAX,Plug-in Hybrid Electric Vehicle (PHEV),Not eligible due to low battery range,19,0,NULL,109612352,POINT (-115.21837 36.09378),NULL,32003002979
7SAXCBE62N,Loudoun,Aldie,VA,20105,2022,TESLA,MODEL X,Battery Electric Vehicle (BEV),Eligibility unknown as battery range has not been researched,0,0,NULL,198763512,POINT (-77.6513 38.97842),NULL,51107611029
5YJYGDEE6M,Solano,Vacaville,CA,95688,2021,TESLA,MODEL Y,Battery Electric Vehicle (BEV),Eligibility unknown as battery range has not been researched,0,0,NULL,180714810,POINT (-121.99263 38.35218),NULL,6095253101
5YJYGAEE1M,Montgomery,Fort Campbell,TN,42223,2021,TESLA,MODEL Y,Battery Electric Vehicle (BEV),Eligibility unknown as battery range has not been researched,0,0,NULL,154576061,POINT (-87.43844 36.64424),NULL,47125101400
5YJXCBE22G,Allegheny,Wexford,PA,15090,2016,TESLA,MODEL X,Battery Electric Vehicle (BEV),Clean Alternative Fuel Vehicle Eligible,200,0,NULL,177131685,NULL,NULL,42003411002
1FADP5CU6F,District of Columbia,Washington,DC,20002,2015,FORD,C-MAX,Plug-in Hybrid Electric Vehicle (PHEV),Not eligible due to low battery range,19,0,NULL,476247845,POINT (-76.988642 38.904734),NULL,11001010601
3FA6P0SU4F,Carroll,Westminster,MD,21157,2015,FORD,FUSION,Plug-in Hybrid Electric Vehicle (PHEV),Not eligible due to low battery range,19,0,NULL,120552358,POINT (-76.99225 39.57467),NULL,24013507602
1N4AZ1CP4K,Clackamas,West Linn,OR,97068,2019,NISSAN,LEAF,Battery Electric Vehicle (BEV),Clean Alternative Fuel Vehicle Eligible,150,0,NULL,138404969,POINT (-122.64782 45.36625),NULL,41005020601
7SAYGDEF9N,Kent,Dover,DE,19901,2022,TESLA,MODEL Y,Battery Electric Vehicle (BEV),Eligibility unknown as battery range has not been researched,0,0,NULL,220766101,POINT (-75.50358 39.10597),NULL,10001041101
WVGTMPE28M,Salt Lake,Salt Lake City,UT,84129,2021,VOLKSWAGEN,ID.4,Battery Electric Vehicle (BEV),Eligibility unknown as battery range has not been researched,0,0,NULL,185416402,POINT (-111.94855 40.6527),NULL,49035113523
5YJYGDEF0M,Anne Arundel,Arnold,MD,21012,2021,TESLA,MODEL Y,Battery Electric Vehicle (BEV),Eligibility unknown as battery range has not been researched,0,0,NULL,145443490,POINT (-76.50718 39.0329),NULL,24003731103
5YJ3E1EA6K,Lake,Tavares,FL,32778,2019,TESLA,MODEL 3,Battery Electric Vehicle (BEV),Clean Alternative Fuel Vehicle Eligible,220,0,NULL,131739205,POINT (-81.73215 28.80419),NULL,12069030806
7SAYGDEF8N,Harris,Houston,TX,77042,2022,TESLA,MODEL Y,Battery Electric Vehicle (BEV),Eligibility unknown as battery range has not been researched,0,0,NULL,199404691,POINT (-95.57424 29.74768),NULL,48201452202
5YJ3E1EA9M,Ventura,Ventura,CA,93001,2021,TESLA,MODEL 3,Battery Electric Vehicle (BEV),Eligibility unknown as battery range has not been researched,0,0,NULL,180620975,POINT (-119.29232 34.28082),NULL,6111002400
5YJYGDEDXM,San Diego,Chula Vista,CA,91913,2021,TESLA,MODEL Y,Battery Electric Vehicle (BEV),Eligibility unknown as battery range has not been researched,0,0,NULL,144816927,POINT (-116.97437 32.61628),NULL,6073013317
1FTVW1EL3N,Hamilton,Cincinnati,OH,45243,2022,FORD,F-150,Battery Electric Vehicle (BEV),Eligibility unknown as battery range has not been researched,0,0,NULL,218631052,POINT (-84.36724 39.19105),NULL,39061024100
5YJ3E1ECXN,Ventura,Ventura,CA,93001,2022,TESLA,MODEL 3,Battery Electric Vehicle (BEV),Eligibility unknown as battery range has not been researched,0,0,NULL,208394966,POINT (-119.29232 34.28082),NULL,6111002400
JTMAB3FV4N,Polk,Salem,OR,97304,2022,TOYOTA,RAV4 PRIME,Plug-in Hybrid Electric Vehicle (PHEV),Clean Alternative Fuel Vehicle Eligible,42,0,NULL,218086949,POINT (-123.05598 44.94796),NULL,41053005301
SADHC2S14K,Placer,Roseville,CA,95747,2019,JAGUAR,I-PACE,Battery Electric Vehicle (BEV),Clean Alternative Fuel Vehicle Eligible,234,0,NULL,101519512,POINT (-121.33747 38.80276),NULL,6061021326
2C4RC1N70J,Calvert,Chesapeake Beach,MD,20732,2018,CHRYSLER,PACIFICA,Plug-in Hybrid Electric Vehicle (PHEV),Clean Alternative Fuel Vehicle Eligible,33,0,NULL,474291142,POINT (-76.53375 38.69549),NULL,24009860402
5YJ3E1EB1M,Clark,Las Vegas,NV,89146,2021,TESLA,MODEL 3,Battery Electric Vehicle (BEV),Eligibility unknown as battery range has not been researched,0,0,NULL,142227949,POINT (-115.20881 36.15352),NULL,32003002905
1N4AZ1CP1J,District of Columbia,Washington,DC,20002,2018,NISSAN,LEAF,Battery Electric Vehicle (BEV),Clean Alternative Fuel Vehicle Eligible,151,0,NULL,238395335,POINT (-76.988642 38.904734),NULL,11001007903
5YJYGDEE7M,Clark,Las Vegas,NV,89115,2021,TESLA,MODEL Y,Battery Electric Vehicle (BEV),Eligibility unknown as battery range has not been researched,0,0,NULL,148679919,POINT (-115.05535 36.24407),NULL,32003003649
5YJ3E1EA8M,Anne Arundel,Odenton,MD,21113,2021,TESLA,MODEL 3,Battery Electric Vehicle (BEV),Eligibility unknown as battery range has not been researched,0,0,NULL,177887440,POINT (-76.69505 39.0814),NULL,24003740701
WB523CF01N,Sheridan,Sheridan,WY,82801,2022,BMW,IX,Battery Electric Vehicle (BEV),Eligibility unknown as battery range has not been researched,0,0,NULL,205813730,POINT (-106.95587 44.79792),NULL,56033000100
5YJ3E1EA1M,San Diego,Chula Vista,CA,91913,2021,TESLA,MODEL 3,Battery Electric Vehicle (BEV),Eligibility unknown as battery range has not been researched,0,0,NULL,151035818,POINT (-116.97437 32.61628),NULL,6073013317
1N4AZ0CP3F,Kings,Lemoore,CA,93245,2015,NISSAN,LEAF,Battery Electric Vehicle (BEV),Clean Alternative Fuel Vehicle Eligible,84,0,NULL,182237457,POINT (-119.78637 36.30101),NULL,6031980000
JTMEB3FV4N,Montgomery,Montgomery,AL,36106,2022,TOYOTA,RAV4 PRIME,Plug-in Hybrid Electric Vehicle (PHEV),Clean Alternative Fuel Vehicle Eligible,42,0,NULL,195356899,POINT (-86.27374 32.3611),NULL,1101001400
KL8CL6S01E,El Paso,Colorado Springs,CO,80923,2014,CHEVROLET,SPARK,Battery Electric Vehicle (BEV),Clean Alternative Fuel Vehicle Eligible,82,0,NULL,172410990,POINT (-104.70202 38.91191),NULL,8041005120
3FA6P0PU8E,Portsmouth,Portsmouth,VA,23707,2014,FORD,FUSION,Plug-in Hybrid Electric Vehicle (PHEV),Not eligible due to low battery range,19,0,NULL,139855411,POINT (-76.3379 36.83436),NULL,51740211600
1G1RA6S5XJ,Calvert,Chesapeake Beach,MD,20732,2018,CHEVROLET,VOLT,Plug-in Hybrid Electric Vehicle (PHEV),Clean Alternative Fuel Vehicle Eligible,53,0,NULL,317850704,POINT (-76.53375 38.69549),NULL,24009860402
YV4BK0DP2M,Los Angeles,Lancaster,CA,93536,2021,VOLVO,XC60,Plug-in Hybrid Electric Vehicle (PHEV),Not eligible due to low battery range,18,0,NULL,205669082,POINT (-118.24538 34.65105),NULL,6037901214
3FMTK3RM7M,Sumter,Sumter,SC,29154,2021,FORD,MUSTANG MACH-E,Battery Electric Vehicle (BEV),Eligibility unknown as battery range has not been researched,0,0,NULL,212029016,POINT (-80.37 33.89648),NULL,45085000300
5YJ3E1EA7J,Riverside,Menifee,CA,92584,2018,TESLA,MODEL 3,Battery Electric Vehicle (BEV),Clean Alternative Fuel Vehicle Eligible,215,0,NULL,196095028,POINT (-117.15392 33.685),NULL,6065042737
5YJ3E1EA3N,Elmore,Mountain Home Afb,ID,83648,2022,TESLA,MODEL 3,Battery Electric Vehicle (BEV),Eligibility unknown as battery range has not been researched,0,0,NULL,185816935,POINT (-115.85601 43.05683),NULL,16039960500
5YJ3E1EB9N,Santa Clara,Santa Clara,CA,95054,2022,TESLA,MODEL 3,Battery Electric Vehicle (BEV),Eligibility unknown as battery range has not been researched,0,0,NULL,193746542,POINT (-121.95011 37.39684),NULL,6085504903
3FA6P0SU9H,Bexar,San Antonio,TX,78251,2017,FORD,FUSION,Plug-in Hybrid Electric Vehicle (PHEV),Not eligible due to low battery range,21,0,NULL,186056034,POINT (-98.65734 29.46536),NULL,48029171918
5YJ3E1EBXL,San Diego,San Diego,CA,92101,2020,TESLA,MODEL 3,Battery Electric Vehicle (BEV),Clean Alternative Fuel Vehicle Eligible,322,0,NULL,110237557,POINT (-117.16171 32.71568),NULL,6073005602
WA1VABGE7M,Douglas,Omaha,NE,68102,2021,AUDI,E-TRON,Battery Electric Vehicle (BEV),Clean Alternative Fuel Vehicle Eligible,222,0,NULL,137619352,POINT (-95.94026 41.26068),NULL,31055001800
5YJYGAEE5M,Pinal,Maricopa,AZ,85138,2021,TESLA,MODEL Y,Battery Electric Vehicle (BEV),Eligibility unknown as battery range has not been researched,0,0,NULL,166089591,POINT (-112.02436 33.05319),NULL,4021001709
WP1AE2A28J,Monterey,Carmel By The Sea,CA,93921,2018,PORSCHE,CAYENNE,Plug-in Hybrid Electric Vehicle (PHEV),Not eligible due to low battery range,14,0,NULL,106902435,POINT (-121.92442 36.55443),NULL,6053011802
7SAYGDEF0N,Loudoun,Aldie,VA,20105,2022,TESLA,MODEL Y,Battery Electric Vehicle (BEV),Eligibility unknown as battery range has not been researched,0,0,NULL,220741741,POINT (-77.6513 38.97842),NULL,51107611029
2C4RC1S72M,El Paso,Colorado Springs,CO,80919,2021,CHRYSLER,PACIFICA,Plug-in Hybrid Electric Vehicle (PHEV),Clean Alternative Fuel Vehicle Eligible,32,0,NULL,192612143,POINT (-104.83531 38.9291),NULL,8041003706
5YJ3E1EA1M,Wayne,Goldsboro,NC,27534,2021,TESLA,MODEL 3,Battery Electric Vehicle (BEV),Eligibility unknown as battery range has not been researched,0,0,NULL,169173077,POINT (-77.95024 35.37084),NULL,37191000302
5YJ3E1EB1K,Alameda,Berkeley,CA,94710,2019,TESLA,MODEL 3,Battery Electric Vehicle (BEV),Clean Alternative Fuel Vehicle Eligible,220,0,NULL,320914072,POINT (-122.2962 37.85103),NULL,6001423200
5YJSA1S21F,Maricopa,Phoenix,AZ,85086,2015,TESLA,MODEL S,Battery Electric Vehicle (BEV),Clean Alternative Fuel Vehicle Eligible,208,0,NULL,169828704,POINT (-112.14075 33.86739),NULL,4013610500
5UXKT0C53G,Stafford,Stafford,VA,22554,2016,BMW,X5,Plug-in Hybrid Electric Vehicle (PHEV),Not eligible due to low battery range,14,0,NULL,203260767,POINT (-77.40815 38.42366),NULL,51179010212
5YJSA1E23L,El Paso,Colorado Springs,CO,80925,2020,TESLA,MODEL S,Battery Electric Vehicle (BEV),Clean Alternative Fuel Vehicle Eligible,330,0,NULL,148640635,POINT (-104.63826 38.74006),NULL,8041004518
5YJXCBE44M,Maricopa,Chandler,AZ,85248,2021,TESLA,MODEL X,Battery Electric Vehicle (BEV),Eligibility unknown as battery range has not been researched,0,0,NULL,138109079,POINT (-111.85047 33.25707),NULL,4013812900
5YJ3E1EB5N,Santa Barbara,Lompoc,CA,93436,2022,TESLA,MODEL 3,Battery Electric Vehicle (BEV),Eligibility unknown as battery range has not been researched,0,0,NULL,225970755,POINT (-120.45788 34.64048),NULL,6083002808
5YJSA1E13G,Los Angeles,Alhambra,CA,91801,2016,TESLA,MODEL S,Battery Electric Vehicle (BEV),Clean Alternative Fuel Vehicle Eligible,210,0,NULL,187692284,POINT (-118.12778 34.09442),NULL,6037481603
5YJSA1E13G,Bexar,San Antonio,TX,78250,2016,TESLA,MODEL S,Battery Electric Vehicle (BEV),Clean Alternative Fuel Vehicle Eligible,210,0,NULL,228665986,POINT (-98.67331 29.49379),NULL,48029181731
3FA6P0SUXG,Orange,Buena Park,CA,90620,2016,FORD,FUSION,Plug-in Hybrid Electric Vehicle (PHEV),Not eligible due to low battery range,19,0,NULL,111821167,POINT (-118.01268 33.83899),NULL,6059086801
7SAXCBE52N,Riverside,Menifee,CA,92585,2022,TESLA,MODEL X,Battery Electric Vehicle (BEV),Eligibility unknown as battery range has not been researched,0,0,NULL,223633917,POINT (-117.17638 33.71394),NULL,6065042726
3FA6P0PU2G,Fairbanks North Star,Fairbanks,AK,99701,2016,FORD,FUSION,Plug-in Hybrid Electric Vehicle (PHEV),Not eligible due to low battery range,19,0,NULL,478396124,POINT (-147.72213 64.84527),NULL,2090000500
5YJ3E1EB5J,Santa Clara,Cupertino,CA,95014,2018,TESLA,MODEL 3,Battery Electric Vehicle (BEV),Clean Alternative Fuel Vehicle Eligible,215,0,NULL,203462129,POINT (-122.02929 37.31913),NULL,6085508102
5YJYGDEEXM,Riverside,Indian Wells,CA,92210,2021,TESLA,MODEL Y,Battery Electric Vehicle (BEV),Eligibility unknown as battery range has not been researched,0,0,NULL,150154945,POINT (-116.33881 33.72413),NULL,6065044911
2C4RC1N74L,Ventura,Camarillo,CA,93010,2020,CHRYSLER,PACIFICA,Plug-in Hybrid Electric Vehicle (PHEV),Clean Alternative Fuel Vehicle Eligible,32,0,NULL,136930965,POINT (-119.05072 34.2234),NULL,6111005503
7SAYGAEEXN,Plaquemines,Belle Chasse,LA,70037,2022,TESLA,MODEL Y,Battery Electric Vehicle (BEV),Eligibility unknown as battery range has not been researched,0,0,NULL,197297320,POINT (-89.9878 29.85069),NULL,22075050300
5YJ3E1EB0N,Riverside,Menifee,CA,92585,2022,TESLA,MODEL 3,Battery Electric Vehicle (BEV),Eligibility unknown as battery range has not been researched,0,0,NULL,213570080,POINT (-117.17638 33.71394),NULL,6065042726
2C4RC1N75K,Rock Island,Rock Island,IL,61201,2019,CHRYSLER,PACIFICA,Plug-in Hybrid Electric Vehicle (PHEV),Clean Alternative Fuel Vehicle Eligible,32,39995,NULL,192480543,POINT (-90.57607 41.51196),NULL,17161023200
1N4AZ0CP2E,Frederick,Frederick,MD,21701,2014,NISSAN,LEAF,Battery Electric Vehicle (BEV),Clean Alternative Fuel Vehicle Eligible,84,0,NULL,475940475,POINT (-77.41203 39.41574),NULL,24021750805
5YJ3E1EB1J,Salt Lake,West Valley City,UT,84128,2018,TESLA,MODEL 3,Battery Electric Vehicle (BEV),Clean Alternative Fuel Vehicle Eligible,215,0,NULL,189974641,POINT (-112.04165 40.68741),NULL,49035113545
5YJ3E1EA8J,San Diego,Oceanside,CA,92051,2018,TESLA,MODEL 3,Battery Electric Vehicle (BEV),Clean Alternative Fuel Vehicle Eligible,215,0,NULL,153998050,NULL,NULL,6073018509
5YJYGDED0M,San Diego,San Diego,CA,92131,2021,TESLA,MODEL Y,Battery Electric Vehicle (BEV),Eligibility unknown as battery range has not been researched,0,0,NULL,187492175,POINT (-117.06451 32.90323),NULL,6073017045
1G1FW6S09J,Chaves,Roswell,NM,88201,2018,CHEVROLET,BOLT EV,Battery Electric Vehicle (BEV),Clean Alternative Fuel Vehicle Eligible,238,0,NULL,475149979,POINT (-104.52275 33.39509),NULL,35005001002
JHMZC5F39J,Anne Arundel,Gambrills,MD,21054,2018,HONDA,CLARITY,Plug-in Hybrid Electric Vehicle (PHEV),Clean Alternative Fuel Vehicle Eligible,47,0,NULL,320663080,POINT (-76.6969 39.0606),NULL,24003702208
2C4RC1S77M,Montgomery,Potomac,MD,20854,2021,CHRYSLER,PACIFICA,Plug-in Hybrid Electric Vehicle (PHEV),Clean Alternative Fuel Vehicle Eligible,32,0,NULL,176092668,POINT (-77.20884 39.01796),NULL,24031701006
7SAYGDEF5N,El Paso,Colorado Springs,CO,80925,2022,TESLA,MODEL Y,Battery Electric Vehicle (BEV),Eligibility unknown as battery range has not been researched,0,0,NULL,209211824,POINT (-104.63826 38.74006),NULL,8041004603
5YJ3E1EC2N,Riverside,Menifee,CA,92585,2022,TESLA,MODEL 3,Battery Electric Vehicle (BEV),Eligibility unknown as battery range has not been researched,0,0,NULL,200914087,POINT (-117.17638 33.71394),NULL,6065042726
WA1LAAGE0K,Montgomery,Gaithersburg,MD,20878,2019,AUDI,E-TRON,Battery Electric Vehicle (BEV),Clean Alternative Fuel Vehicle Eligible,204,0,NULL,168802406,POINT (-77.22708 39.14162),NULL,24031700826
5YJXCAE21H,El Paso,El Paso,TX,79911,2017,TESLA,MODEL X,Battery Electric Vehicle (BEV),Clean Alternative Fuel Vehicle Eligible,200,0,NULL,347980755,POINT (-106.55656 31.88532),NULL,48141010220
1G1FW6S01H,Douglas,Elkton,OR,97436,2017,CHEVROLET,BOLT EV,Battery Electric Vehicle (BEV),Clean Alternative Fuel Vehicle Eligible,238,0,NULL,213003549,POINT (-123.56707 43.63677),NULL,41019030000
5YJSA1E2XH,Palm Beach,West Palm Beach,FL,33415,2017,TESLA,MODEL S,Battery Electric Vehicle (BEV),Clean Alternative Fuel Vehicle Eligible,210,0,NULL,349703826,POINT (-80.13342 26.64804),NULL,12099004012
5YJ3E1EB7L,San Diego,Coronado,CA,92118,2020,TESLA,MODEL 3,Battery Electric Vehicle (BEV),Clean Alternative Fuel Vehicle Eligible,322,0,NULL,104991225,POINT (-117.17089 32.67619),NULL,6073011000
5YJ3E1EA1K,Danville,Danville,VA,24541,2019,TESLA,MODEL 3,Battery Electric Vehicle (BEV),Clean Alternative Fuel Vehicle Eligible,220,0,NULL,168513922,POINT (-79.4172 36.58598),NULL,51590001100
5YJ3E1EB9M,Anne Arundel,Annapolis,MD,21401,2021,TESLA,MODEL 3,Battery Electric Vehicle (BEV),Eligibility unknown as battery range has not been researched,0,0,NULL,137271844,POINT (-76.49014 38.97678),NULL,24003702500
2T3YL4DV4D,San Diego,San Diego,CA,92154,2013,TOYOTA,RAV4,Battery Electric Vehicle (BEV),Clean Alternative Fuel Vehicle Eligible,103,0,NULL,182327218,POINT (-117.05805 32.57923),NULL,6073010015
1N4AZ0CP3D,Maricopa,Phoenix,AZ,85086,2013,NISSAN,LEAF,Battery Electric Vehicle (BEV),Clean Alternative Fuel Vehicle Eligible,75,0,NULL,198244959,POINT (-112.14075 33.86739),NULL,4013610301
5YJ3E1EB1N,Cumberland,Mechanicsburg,PA,17050,2022,TESLA,MODEL 3,Battery Electric Vehicle (BEV),Eligibility unknown as battery range has not been researched,0,0,NULL,211173182,POINT (-76.96675 40.23089),NULL,42041011303
3FA6P0SU0K,Galveston,Dickinson,TX,77539,2019,FORD,FUSION,Plug-in Hybrid Electric Vehicle (PHEV),Not eligible due to low battery range,26,0,NULL,187431989,POINT (-95.05026 29.4608),NULL,48167720601
5YJ3E1EA3K,Virginia Beach,Virginia Beach,VA,23464,2019,TESLA,MODEL 3,Battery Electric Vehicle (BEV),Clean Alternative Fuel Vehicle Eligible,220,0,NULL,139605609,POINT (-76.20908 36.80823),NULL,51810046213
KM8K33AG4N,Solano,Benicia,CA,94510,2022,HYUNDAI,KONA ELECTRIC,Battery Electric Vehicle (BEV),Eligibility unknown as battery range has not been researched,0,0,NULL,216844211,POINT (-122.15351 38.05285),NULL,6095252102
5YJ3E1EB2J,Suffolk,Suffolk,VA,23435,2018,TESLA,MODEL 3,Battery Electric Vehicle (BEV),Clean Alternative Fuel Vehicle Eligible,215,0,NULL,476647986,POINT (-76.42443 36.8752),NULL,51800075203
WDC0G5EB7K,Louisa,Bumpass,VA,23024,2019,MERCEDES-BENZ,GLC-CLASS,Plug-in Hybrid Electric Vehicle (PHEV),Not eligible due to low battery range,10,0,NULL,153874850,POINT (-77.73727 37.96459),NULL,51109950101
JTMEB3FV3N,Hillsborough,Lithia,FL,33547,2022,TOYOTA,RAV4 PRIME,Plug-in Hybrid Electric Vehicle (PHEV),Clean Alternative Fuel Vehicle Eligible,42,0,NULL,195795477,POINT (-82.17029 27.86266),NULL,12057013923
1FADP5CU3F,Jefferson,Felts Mills,NY,13638,2015,FORD,C-MAX,Plug-in Hybrid Electric Vehicle (PHEV),Not eligible due to low battery range,19,0,NULL,119998469,POINT (-75.75904 44.0205),NULL,36045061101
5YJ3E1EB8M,Denton,Little Elm,TX,75068,2021,TESLA,MODEL 3,Battery Electric Vehicle (BEV),Eligibility unknown as battery range has not been researched,0,0,NULL,166255393,POINT (-96.9387 33.15985),NULL,48121020137
5YJYGDEE7L,Prince George's,Andrews Air Force Base,MD,20762,2020,TESLA,MODEL Y,Battery Electric Vehicle (BEV),Clean Alternative Fuel Vehicle Eligible,291,0,NULL,123782137,POINT (-76.8907 38.81605),NULL,24033801106
3FA6P0PUXG,Bell,Harker Heights,TX,76548,2016,FORD,FUSION,Plug-in Hybrid Electric Vehicle (PHEV),Not eligible due to low battery range,19,0,NULL,117936206,POINT (-97.66091 31.08871),NULL,48027021907
WBA8E1C32H,Contra Costa,Pittsburg,CA,94565,2017,BMW,330E,Plug-in Hybrid Electric Vehicle (PHEV),Not eligible due to low battery range,14,44100,NULL,200753059,POINT (-121.88851 38.01946),NULL,6013313204
1G1RA6E46E,Clark,Las Vegas,NV,89166,2014,CHEVROLET,VOLT,Plug-in Hybrid Electric Vehicle (PHEV),Clean Alternative Fuel Vehicle Eligible,38,0,NULL,329643821,POINT (-115.32375 36.29409),NULL,32003003266
1N4AZ1CP4J,Montgomery,Norristown,PA,19403,2018,NISSAN,LEAF,Battery Electric Vehicle (BEV),Clean Alternative Fuel Vehicle Eligible,151,0,NULL,349481695,POINT (-75.40705 40.15076),NULL,42091203402
5YJ3E1EB2M,Santa Clara,Santa Clara,CA,95054,2021,TESLA,MODEL 3,Battery Electric Vehicle (BEV),Eligibility unknown as battery range has not been researched,0,0,NULL,134938562,POINT (-121.95011 37.39684),NULL,6085504903
7SAYGDEF4N,District of Columbia,Washington,DC,20003,2022,TESLA,MODEL Y,Battery Electric Vehicle (BEV),Eligibility unknown as battery range has not been researched,0,0,NULL,202878826,POINT (-76.99953 38.88594),NULL,11001007201
5YJ3E1EA8M,Norfolk,Norfolk,VA,23503,2021,TESLA,MODEL 3,Battery Electric Vehicle (BEV),Eligibility unknown as battery range has not been researched,0,0,NULL,161659914,POINT (-76.23458 36.93595),NULL,51710000400
3FA6P0PU2F,Okaloosa,Valparaiso,FL,32580,2015,FORD,FUSION,Plug-in Hybrid Electric Vehicle (PHEV),Not eligible due to low battery range,19,0,NULL,155057045,POINT (-86.49296 30.51166),NULL,12091021200
3FA6P0PUXE,Los Angeles,Lancaster,CA,93536,2014,FORD,FUSION,Plug-in Hybrid Electric Vehicle (PHEV),Not eligible due to low battery range,19,0,NULL,110157407,POINT (-118.24538 34.65105),NULL,6037901011
WVGTMPE2XM,Rockdale,Conyers,GA,30013,2021,VOLKSWAGEN,ID.4,Battery Electric Vehicle (BEV),Eligibility unknown as battery range has not been researched,0,0,NULL,166443385,POINT (-83.97862 33.61951),NULL,13247060312
5YJYGAEE7M,Cook,Skokie,IL,60077,2021,TESLA,MODEL Y,Battery Electric Vehicle (BEV),Eligibility unknown as battery range has not been researched,0,0,NULL,172671495,POINT (-87.75545 42.02634),NULL,17031807300
5YJSA1H20F,Fairfax,Alexandria,VA,22308,2015,TESLA,MODEL S,Battery Electric Vehicle (BEV),Clean Alternative Fuel Vehicle Eligible,208,0,NULL,223163748,POINT (-77.05745 38.74002),NULL,51059415500
2C4RC1S72M,Douglas,Omaha,NE,68130,2021,CHRYSLER,PACIFICA,Plug-in Hybrid Electric Vehicle (PHEV),Clean Alternative Fuel Vehicle Eligible,32,0,NULL,187604707,POINT (-96.18046 41.23687),NULL,31055007449
2C4RC1N76L,Norfolk,Norfolk,VA,23518,2020,CHRYSLER,PACIFICA,Plug-in Hybrid Electric Vehicle (PHEV),Clean Alternative Fuel Vehicle Eligible,32,0,NULL,132930255,POINT (-76.21549 36.92478),NULL,51710006501
JTDKARFP1H,Chesapeake,Chesapeake,VA,23321,2017,TOYOTA,PRIUS PRIME,Plug-in Hybrid Electric Vehicle (PHEV),Not eligible due to low battery range,25,0,NULL,330798968,POINT (-76.40587 36.84526),NULL,51550021505
WA1AAAGE3P,Orange,Buena Park,CA,90621,2023,AUDI,E-TRON,Battery Electric Vehicle (BEV),Eligibility unknown as battery range has not been researched,0,0,NULL,224666711,POINT (-117.99804 33.8652),NULL,6059110604
1C4JJXR67M,Contra Costa,Fpo,CA,96349,2021,JEEP,WRANGLER,Plug-in Hybrid Electric Vehicle (PHEV),Not eligible due to low battery range,21,0,NULL,187228030,NULL,NULL,6013380001
WBY33AW04N,Alexandria,Alexandria,VA,22314,2022,BMW,I4,Battery Electric Vehicle (BEV),Eligibility unknown as battery range has not been researched,0,0,NULL,219337611,POINT (-77.04341 38.8046),NULL,51510201805
YH4K14AA6C,Charles,Hughesville,MD,20637,2012,FISKER,KARMA,Plug-in Hybrid Electric Vehicle (PHEV),Clean Alternative Fuel Vehicle Eligible,33,102000,NULL,131146571,POINT (-76.78372 38.53236),NULL,24017851402
1C4JJXP69N,Alexandria,Alexandria,VA,22304,2022,JEEP,WRANGLER,Plug-in Hybrid Electric Vehicle (PHEV),Not eligible due to low battery range,21,0,NULL,207422365,POINT (-77.10727 38.81797),NULL,51510200404
5YJ3E1EB1L,St. Clair,Belleville,IL,62220,2020,TESLA,MODEL 3,Battery Electric Vehicle (BEV),Clean Alternative Fuel Vehicle Eligible,322,0,NULL,1947907,POINT (-89.98423 38.5124),NULL,17163503304
5YJ3E1EB0J,Alexandria,Alexandria,VA,22301,2018,TESLA,MODEL 3,Battery Electric Vehicle (BEV),Clean Alternative Fuel Vehicle Eligible,215,0,NULL,261314294,POINT (-77.05604 38.82399),NULL,51510201400
1G1RH6E45E,Chesapeake,Chesapeake,VA,23321,2014,CHEVROLET,VOLT,Plug-in Hybrid Electric Vehicle (PHEV),Clean Alternative Fuel Vehicle Eligible,38,0,NULL,157395612,POINT (-76.40587 36.84526),NULL,51550021507
LPSED3KA1M,Boulder,Longmont,CO,80501,2021,POLESTAR,PS2,Battery Electric Vehicle (BEV),Clean Alternative Fuel Vehicle Eligible,233,0,NULL,177670118,POINT (-105.10015 40.16394),NULL,8013013307
KNDCD3LD1K,Salt Lake,Salt Lake City,UT,84121,2019,KIA,NIRO,Plug-in Hybrid Electric Vehicle (PHEV),Not eligible due to low battery range,26,0,NULL,110791908,POINT (-111.83173 40.6253),NULL,49035111302
5YJ3E1EB9N,Beaufort,Okatie,SC,29909,2022,TESLA,MODEL 3,Battery Electric Vehicle (BEV),Eligibility unknown as battery range has not been researched,0,0,NULL,216976861,POINT (-80.95653 32.30585),NULL,45013002103
5YJ3E1EB4L,St. Louis,Saint Louis,MO,63137,2020,TESLA,MODEL 3,Battery Electric Vehicle (BEV),Clean Alternative Fuel Vehicle Eligible,322,0,NULL,102910426,POINT (-90.21137 38.7483),NULL,29510127000
5YJYGDEE6M,Virginia Beach,Virginia Beach,VA,23462,2021,TESLA,MODEL Y,Battery Electric Vehicle (BEV),Eligibility unknown as battery range has not been researched,0,0,NULL,140339132,POINT (-76.13652 36.84315),NULL,51810040600
5YJ3E1EA8J,St. Mary's,Lexington Park,MD,20653,2018,TESLA,MODEL 3,Battery Electric Vehicle (BEV),Clean Alternative Fuel Vehicle Eligible,215,0,NULL,284296715,POINT (-76.45275 38.26564),NULL,24037875905
KNDCD3LD6N,Marin,San Rafael,CA,94901,2022,KIA,NIRO,Plug-in Hybrid Electric Vehicle (PHEV),Not eligible due to low battery range,26,0,NULL,181521700,POINT (-122.53288 37.97461),NULL,6041111002
KNDPZDAH9P,Alexandria,Alexandria,VA,22304,2023,KIA,SPORTAGE,Plug-in Hybrid Electric Vehicle (PHEV),Clean Alternative Fuel Vehicle Eligible,34,0,NULL,221277808,POINT (-77.10727 38.81797),NULL,51510200304
W1N0G5DB8L,Montgomery,Germantown,MD,20876,2020,MERCEDES-BENZ,GLC-CLASS,Plug-in Hybrid Electric Vehicle (PHEV),Not eligible due to low battery range,22,0,NULL,157290549,POINT (-77.23717 39.17915),NULL,24031700835
3MW5P9J05N,Arapahoe,Englewood,CO,80111,2022,BMW,330E,Plug-in Hybrid Electric Vehicle (PHEV),Not eligible due to low battery range,22,0,NULL,200589147,POINT (-104.89239 39.61914),NULL,8005006861
5YJYGAEE4M,Douglas,South Range,WI,54874,2021,TESLA,MODEL Y,Battery Electric Vehicle (BEV),Eligibility unknown as battery range has not been researched,0,0,NULL,167228722,POINT (-91.98379 46.60774),NULL,55031030101
5YJ3E1EB1J,Alexandria,Alexandria,VA,22314,2018,TESLA,MODEL 3,Battery Electric Vehicle (BEV),Clean Alternative Fuel Vehicle Eligible,215,0,NULL,311657657,POINT (-77.04341 38.8046),NULL,51510201805
JTDKAMFP0M,Maricopa,Tempe,AZ,85281,2021,TOYOTA,PRIUS PRIME,Plug-in Hybrid Electric Vehicle (PHEV),Not eligible due to low battery range,25,0,NULL,179239910,POINT (-111.93722 33.42554),NULL,4013318800
1N4AZ0CP0D,Norfolk,Norfolk,VA,23517,2013,NISSAN,LEAF,Battery Electric Vehicle (BEV),Clean Alternative Fuel Vehicle Eligible,75,0,NULL,241443513,POINT (-76.29676 36.86523),NULL,51710003700
1G1RA6S5XJ,Cumberland,Fort Bragg,NC,28307,2018,CHEVROLET,VOLT,Plug-in Hybrid Electric Vehicle (PHEV),Clean Alternative Fuel Vehicle Eligible,53,0,NULL,123766639,POINT (-78.9973 35.13558),NULL,37051003409
1FADP5CU9E,Norfolk,Norfolk,VA,23518,2014,FORD,C-MAX,Plug-in Hybrid Electric Vehicle (PHEV),Not eligible due to low battery range,19,0,NULL,150749378,POINT (-76.21549 36.92478),NULL,51710006502
1C4JJXP69M,Honolulu,Ewa Beach,HI,96706,2021,JEEP,WRANGLER,Plug-in Hybrid Electric Vehicle (PHEV),Not eligible due to low battery range,25,0,NULL,185357882,POINT (-158.00833 21.31431),NULL,15003008410
1G1FZ6S03L,Chesapeake,Chesapeake,VA,23321,2020,CHEVROLET,BOLT EV,Battery Electric Vehicle (BEV),Clean Alternative Fuel Vehicle Eligible,259,0,NULL,177893299,POINT (-76.40587 36.84526),NULL,51550021504
5YJ3E1EB2L,Laramie,Cheyenne,WY,82001,2020,TESLA,MODEL 3,Battery Electric Vehicle (BEV),Clean Alternative Fuel Vehicle Eligible,322,0,NULL,133911886,POINT (-104.82154 41.13481),NULL,56021000702
WBA7J2C52J,Multnomah,Portland,OR,97214,2018,BMW,740E,Plug-in Hybrid Electric Vehicle (PHEV),Not eligible due to low battery range,14,90700,NULL,170860924,POINT (-122.64942 45.50606),NULL,41051001101
JTDKARFP3H,Fairfax,Burke,VA,22015,2017,TOYOTA,PRIUS PRIME,Plug-in Hybrid Electric Vehicle (PHEV),Not eligible due to low battery range,25,0,NULL,204654803,POINT (-77.27191 38.79355),NULL,51059431900
5YJSA1CG0D,Los Angeles,Hawthorne,CA,90250,2013,TESLA,MODEL S,Battery Electric Vehicle (BEV),Clean Alternative Fuel Vehicle Eligible,208,69900,NULL,333876581,POINT (-118.35273 33.91822),NULL,6037602513
1G1RB6E42C,San Diego,San Diego,CA,92109,2012,CHEVROLET,VOLT,Plug-in Hybrid Electric Vehicle (PHEV),Clean Alternative Fuel Vehicle Eligible,35,0,NULL,9700792,POINT (-117.25255 32.77752),NULL,6073007800
3FA6P0SU9G,Los Angeles,Gardena,CA,90249,2016,FORD,FUSION,Plug-in Hybrid Electric Vehicle (PHEV),Not eligible due to low battery range,19,0,NULL,6197691,POINT (-118.32472 33.89612),NULL,6037603706
7JRH60FZ8N,Maricopa,Goodyear,AZ,85395,2022,VOLVO,S60,Plug-in Hybrid Electric Vehicle (PHEV),Clean Alternative Fuel Vehicle Eligible,41,0,NULL,219546925,POINT (-112.44862 33.49778),NULL,4013061064
1G1RA6E49D,Los Angeles,Long Beach,CA,90802,2013,CHEVROLET,VOLT,Plug-in Hybrid Electric Vehicle (PHEV),Clean Alternative Fuel Vehicle Eligible,38,0,NULL,103788282,POINT (-118.1924 33.76672),NULL,6037576001
1G1RC6S57H,San Diego,San Diego,CA,92123,2017,CHEVROLET,VOLT,Plug-in Hybrid Electric Vehicle (PHEV),Clean Alternative Fuel Vehicle Eligible,53,0,NULL,137261820,POINT (-117.15432 32.79315),NULL,6073009201
7SAYGAEE8N,Hoke,Raeford,NC,28376,2022,TESLA,MODEL Y,Battery Electric Vehicle (BEV),Eligibility unknown as battery range has not been researched,0,0,NULL,211265246,POINT (-79.22405 34.9786),NULL,37093970106
1FADP3R48H,Kern,Rosamond,CA,93560,2017,FORD,FOCUS,Battery Electric Vehicle (BEV),Clean Alternative Fuel Vehicle Eligible,100,0,NULL,218307183,POINT (-118.16344 34.86438),NULL,6029005805
7JRBR0FL1N,Montgomery,Silver Spring,MD,20906,2022,VOLVO,S60,Plug-in Hybrid Electric Vehicle (PHEV),Not eligible due to low battery range,22,0,NULL,187436525,POINT (-77.07354 39.09303),NULL,24031703223
JN1AZ0CP1B,Fairfax,Alexandria,VA,22307,2011,NISSAN,LEAF,Battery Electric Vehicle (BEV),Clean Alternative Fuel Vehicle Eligible,73,0,NULL,203501805,POINT (-77.05942 38.7748),NULL,51059415600
5YJ3E1EA4K,Sarasota,Sarasota,FL,34242,2019,TESLA,MODEL 3,Battery Electric Vehicle (BEV),Clean Alternative Fuel Vehicle Eligible,220,0,NULL,300293815,POINT (-82.559 27.27335),NULL,12115001903
5YJ3E1EB3L,Bexar,San Antonio,TX,78258,2020,TESLA,MODEL 3,Battery Electric Vehicle (BEV),Clean Alternative Fuel Vehicle Eligible,322,0,NULL,113271441,POINT (-98.52212 29.61445),NULL,48029191806
5YJ3E1EB3J,Santa Cruz,Santa Cruz,CA,95062,2018,TESLA,MODEL 3,Battery Electric Vehicle (BEV),Clean Alternative Fuel Vehicle Eligible,215,0,NULL,341504929,POINT (-122.01027 36.97542),NULL,6087100900
JTMAB3FVXM,Anne Arundel,Gambrills,MD,21054,2021,TOYOTA,RAV4 PRIME,Plug-in Hybrid Electric Vehicle (PHEV),Clean Alternative Fuel Vehicle Eligible,42,0,NULL,172601019,POINT (-76.6969 39.0606),NULL,24003740704
JTDKN3DP5F,San Diego,San Diego,CA,92106,2015,TOYOTA,PRIUS PLUG-IN,Plug-in Hybrid Electric Vehicle (PHEV),Not eligible due to low battery range,6,0,NULL,166320269,POINT (-117.23769 32.7263),NULL,6073021401
JA4J24A58J,San Diego,San Diego,CA,92109,2018,MITSUBISHI,OUTLANDER,Plug-in Hybrid Electric Vehicle (PHEV),Not eligible due to low battery range,22,0,NULL,9163227,POINT (-117.25255 32.77752),NULL,6073007800
5YJ3E1EB4M,Queens,Jamaica,NY,11436,2021,TESLA,MODEL 3,Battery Electric Vehicle (BEV),Eligibility unknown as battery range has not been researched,0,0,NULL,140100432,POINT (-73.7959 40.67448),NULL,36081018401
5YJ3E1EA7J,Wichita,Wichita Falls,TX,76310,2018,TESLA,MODEL 3,Battery Electric Vehicle (BEV),Clean Alternative Fuel Vehicle Eligible,215,0,NULL,132838695,POINT (-98.57603 33.86725),NULL,48485012402
5YJSA1H25F,San Bernardino,Yermo,CA,92398,2015,TESLA,MODEL S,Battery Electric Vehicle (BEV),Clean Alternative Fuel Vehicle Eligible,208,0,NULL,186676101,POINT (-116.83609 34.90718),NULL,6071011602
JTMFB3FV3N,Fairfax,Vienna,VA,22180,2022,TOYOTA,RAV4 PRIME,Plug-in Hybrid Electric Vehicle (PHEV),Clean Alternative Fuel Vehicle Eligible,42,0,NULL,217116756,POINT (-77.26399 38.90063),NULL,51059461000
5YJ3E1EA3M,Montgomery,Clarksville,TN,37042,2021,TESLA,MODEL 3,Battery Electric Vehicle (BEV),Eligibility unknown as battery range has not been researched,0,0,NULL,213725676,POINT (-87.37923 36.54824),NULL,47125101306
2C4RC1H78J,Oldham,Goshen,KY,40026,2018,CHRYSLER,PACIFICA,Plug-in Hybrid Electric Vehicle (PHEV),Clean Alternative Fuel Vehicle Eligible,33,0,NULL,277234681,POINT (-85.57785 38.40025),NULL,21185030802
1FTVW1EV0N,Anne Arundel,Gambrills,MD,21054,2022,FORD,F-150,Battery Electric Vehicle (BEV),Eligibility unknown as battery range has not been researched,0,0,NULL,217929491,POINT (-76.6969 39.0606),NULL,24003740704
5YJYGDEE0M,Fairfax,Herndon,VA,20171,2021,TESLA,MODEL Y,Battery Electric Vehicle (BEV),Eligibility unknown as battery range has not been researched,0,0,NULL,170803944,POINT (-77.4108 38.94955),NULL,51059482502
KNDCM3LD8L,Onslow,Mccutcheon Field,NC,28545,2020,KIA,NIRO,Plug-in Hybrid Electric Vehicle (PHEV),Not eligible due to low battery range,26,0,NULL,167224683,POINT (-77.47087 34.72943),NULL,37133001000
YV4BR0CZ5N,Columbia,Evans,GA,30809,2022,VOLVO,XC90,Plug-in Hybrid Electric Vehicle (PHEV),Not eligible due to low battery range,18,0,NULL,185596036,POINT (-82.13029 33.53342),NULL,13073030308
5YJXCBE24H,Wichita,Wichita Falls,TX,76310,2017,TESLA,MODEL X,Battery Electric Vehicle (BEV),Clean Alternative Fuel Vehicle Eligible,200,0,NULL,213716240,POINT (-98.57603 33.86725),NULL,48485012402
5YJ3E1ECXL,Arlington,Arlington,VA,22203,2020,TESLA,MODEL 3,Battery Electric Vehicle (BEV),Clean Alternative Fuel Vehicle Eligible,308,0,NULL,4760486,POINT (-77.13581 38.86995),NULL,51013101408
5YJ3E1EB9L,Pulaski,Little Rock,AR,72207,2020,TESLA,MODEL 3,Battery Electric Vehicle (BEV),Clean Alternative Fuel Vehicle Eligible,322,0,NULL,223647805,POINT (-92.33405 34.77306),NULL,5119002203
1N4BZ1CVXM,Orange,Irvine,CA,92602,2021,NISSAN,LEAF,Battery Electric Vehicle (BEV),Eligibility unknown as battery range has not been researched,0,0,NULL,152727515,POINT (-117.77144 33.73287),NULL,6059052437
5YJ3E1EA7K,San Diego,San Diego,CA,92101,2019,TESLA,MODEL 3,Battery Electric Vehicle (BEV),Clean Alternative Fuel Vehicle Eligible,220,0,NULL,266614659,POINT (-117.16171 32.71568),NULL,6073005102
1G1FY6S05N,Alexandria,Alexandria,VA,22304,2022,CHEVROLET,BOLT EV,Battery Electric Vehicle (BEV),Eligibility unknown as battery range has not been researched,0,0,NULL,219951784,POINT (-77.10727 38.81797),NULL,51510200600
KNDCE3LG9M,Sarpy,Bellevue,NE,68123,2021,KIA,NIRO,Battery Electric Vehicle (BEV),Eligibility unknown as battery range has not been researched,0,0,NULL,176406086,POINT (-95.95882 41.13181),NULL,31153010306
WVGJNPE2XM,Alexandria,Alexandria,VA,22304,2021,VOLKSWAGEN,ID.4,Battery Electric Vehicle (BEV),Eligibility unknown as battery range has not been researched,0,0,NULL,193939854,POINT (-77.10727 38.81797),NULL,51510200600
5YJSA1E28L,Alexandria,Alexandria,VA,22314,2020,TESLA,MODEL S,Battery Electric Vehicle (BEV),Clean Alternative Fuel Vehicle Eligible,330,0,NULL,111741997,POINT (-77.04341 38.8046),NULL,51510201805
5YJSA1E20G,San Diego,Oceanside,CA,92058,2016,TESLA,MODEL S,Battery Electric Vehicle (BEV),Clean Alternative Fuel Vehicle Eligible,210,0,NULL,232897395,POINT (-117.37445 33.21097),NULL,6073018601
JHMZC5F10J,Sonoma,Santa Rosa,CA,95401,2018,HONDA,CLARITY,Plug-in Hybrid Electric Vehicle (PHEV),Clean Alternative Fuel Vehicle Eligible,47,0,NULL,477029318,POINT (-122.72292 38.45663),NULL,6097153003
2C4RC1H71J,Moore,Southern Pines,NC,28387,2018,CHRYSLER,PACIFICA,Plug-in Hybrid Electric Vehicle (PHEV),Clean Alternative Fuel Vehicle Eligible,33,0,NULL,107341699,POINT (-79.39147 35.17441),NULL,37125950801
1N4BZ1CPXK,Pulaski,Little Rock,AR,72207,2019,NISSAN,LEAF,Battery Electric Vehicle (BEV),Clean Alternative Fuel Vehicle Eligible,150,0,NULL,219350309,POINT (-92.33405 34.77306),NULL,5119002203
5UXKT0C39H,Sevier,De Queen,AR,71832,2017,BMW,X5,Plug-in Hybrid Electric Vehicle (PHEV),Not eligible due to low battery range,14,0,NULL,2244840,POINT (-94.33945 34.03674),NULL,5133080100
YV4BR0DK0M,Santa Clara,Mountain View,CA,94040,2021,VOLVO,XC60,Plug-in Hybrid Electric Vehicle (PHEV),Not eligible due to low battery range,18,0,NULL,152498734,POINT (-122.07056 37.36769),NULL,6085509401
WBY1Z8C38H,Bartow,Adairsville,GA,30103,2017,BMW,I3,Plug-in Hybrid Electric Vehicle (PHEV),Clean Alternative Fuel Vehicle Eligible,97,0,NULL,106241495,POINT (-84.92804 34.37047),NULL,13015960202
5YJ3E1EB7L,Sacramento,Sacramento,CA,95817,2020,TESLA,MODEL 3,Battery Electric Vehicle (BEV),Clean Alternative Fuel Vehicle Eligible,322,0,NULL,135113296,POINT (-121.46547 38.55173),NULL,6067001800
3FA6P0SU8F,San Bernardino,Apple Valley,CA,92308,2015,FORD,FUSION,Plug-in Hybrid Electric Vehicle (PHEV),Not eligible due to low battery range,19,0,NULL,182941692,POINT (-117.20243 34.48186),NULL,6071009721
KMHC65LD3K,Camden,Haddonfield,NJ,8033,2019,HYUNDAI,IONIQ,Plug-in Hybrid Electric Vehicle (PHEV),Not eligible due to low battery range,29,0,NULL,8189709,POINT (-75.03015 39.89896),NULL,34007603901
WBA8E1C59H,District of Columbia,Washington,DC,20024,2017,BMW,330E,Plug-in Hybrid Electric Vehicle (PHEV),Not eligible due to low battery range,14,44100,NULL,211710271,POINT (-77.015 38.87754),NULL,11001010500
5YJ3E1EB8M,Alameda,Berkeley,CA,94707,2021,TESLA,MODEL 3,Battery Electric Vehicle (BEV),Eligibility unknown as battery range has not been researched,0,0,NULL,166381701,POINT (-122.27026 37.90054),NULL,6001421400
5YJYGDEE6L,Clark,Las Vegas,NV,89138,2020,TESLA,MODEL Y,Battery Electric Vehicle (BEV),Clean Alternative Fuel Vehicle Eligible,291,0,NULL,126016691,POINT (-115.34614 36.17207),NULL,32003005824
WVGRMPE28M,Orange,Irvine,CA,92620,2021,VOLKSWAGEN,ID.4,Battery Electric Vehicle (BEV),Eligibility unknown as battery range has not been researched,0,0,NULL,161550532,POINT (-117.76724 33.70884),NULL,6059052433
5YJ3E1EA1K,Hennepin,Minneapolis,MN,55408,2019,TESLA,MODEL 3,Battery Electric Vehicle (BEV),Clean Alternative Fuel Vehicle Eligible,220,0,NULL,477892964,POINT (-93.28272 44.94292),NULL,27053008100
JTDKARFP1K,Orange,Irvine,CA,92618,2019,TOYOTA,PRIUS PRIME,Plug-in Hybrid Electric Vehicle (PHEV),Not eligible due to low battery range,25,0,NULL,306792083,POINT (-117.71277 33.67538),NULL,6059062653
7SAYGDEE4N,Middlesex,Chelmsford,MA,1824,2022,TESLA,MODEL Y,Battery Electric Vehicle (BEV),Eligibility unknown as battery range has not been researched,0,0,NULL,195647805,POINT (-71.34587 42.59853),NULL,25017317102
1G1RB6E47F,New London,Old Lyme,CT,6371,2015,CHEVROLET,VOLT,Plug-in Hybrid Electric Vehicle (PHEV),Clean Alternative Fuel Vehicle Eligible,38,0,NULL,277515801,POINT (-72.33425 41.32392),NULL,9011660101
5YJYGDEF3L,Platte,Platte City,MO,64079,2020,TESLA,MODEL Y,Battery Electric Vehicle (BEV),Clean Alternative Fuel Vehicle Eligible,291,0,NULL,132400684,POINT (-94.77998 39.37027),NULL,29165030401
5YJ3E1EC1N,Middlesex,Hanscom Afb,MA,1731,2022,TESLA,MODEL 3,Battery Electric Vehicle (BEV),Eligibility unknown as battery range has not been researched,0,0,NULL,207785469,POINT (-71.28309 42.45982),NULL,25017360300
5YJYGDEF3M,Anne Arundel,Fort George G Meade,MD,20755,2021,TESLA,MODEL Y,Battery Electric Vehicle (BEV),Eligibility unknown as battery range has not been researched,0,0,NULL,142625717,POINT (-76.73517 39.10852),NULL,24003740603
JTDKN3DPXD,Prince George's,Upper Marlboro,MD,20774,2013,TOYOTA,PRIUS PLUG-IN,Plug-in Hybrid Electric Vehicle (PHEV),Not eligible due to low battery range,6,0,NULL,140485677,POINT (-76.84002 38.90272),NULL,24033803514
2C4RC1N79J,Penobscot,Bangor,ME,4401,2018,CHRYSLER,PACIFICA,Plug-in Hybrid Electric Vehicle (PHEV),Clean Alternative Fuel Vehicle Eligible,33,0,NULL,276525525,POINT (-68.77077 44.80171),NULL,23019031100
WBY1Z4C53F,Plaquemines,Belle Chasse,LA,70037,2015,BMW,I3,Plug-in Hybrid Electric Vehicle (PHEV),Clean Alternative Fuel Vehicle Eligible,72,0,NULL,146551744,POINT (-89.9878 29.85069),NULL,22075050300
5YJ3E1EB6K,Los Angeles,Canoga Park,CA,91304,2019,TESLA,MODEL 3,Battery Electric Vehicle (BEV),Clean Alternative Fuel Vehicle Eligible,220,0,NULL,332415184,POINT (-118.59524 34.2271),NULL,6037113239
1N4BZ0CP1H,Nassau,Jericho,NY,11753,2017,NISSAN,LEAF,Battery Electric Vehicle (BEV),Clean Alternative Fuel Vehicle Eligible,107,0,NULL,229119733,POINT (-73.53813 40.791),NULL,36059518600
2C4RC1N71L,San Diego,Oceanside,CA,92056,2020,CHRYSLER,PACIFICA,Plug-in Hybrid Electric Vehicle (PHEV),Clean Alternative Fuel Vehicle Eligible,32,0,NULL,179020138,POINT (-117.29317 33.21394),NULL,6073018515
5YJ3E1EA8J,Orange,Santa Ana,CA,92703,2018,TESLA,MODEL 3,Battery Electric Vehicle (BEV),Clean Alternative Fuel Vehicle Eligible,215,0,NULL,344417741,POINT (-117.8943 33.75341),NULL,6059089004
3FA6P0PU2D,Richmond,Augusta,GA,30905,2013,FORD,FUSION,Plug-in Hybrid Electric Vehicle (PHEV),Not eligible due to low battery range,19,0,NULL,212407996,POINT (-82.1221 33.39842),NULL,13245010802
5YJYGAEE9M,San Diego,San Clemente,CA,92672,2021,TESLA,MODEL Y,Battery Electric Vehicle (BEV),Eligibility unknown as battery range has not been researched,0,0,NULL,166149385,POINT (-117.60698 33.43024),NULL,6073018700
5YJYGDEEXM,Stafford,Stafford,VA,22554,2021,TESLA,MODEL Y,Battery Electric Vehicle (BEV),Eligibility unknown as battery range has not been researched,0,0,NULL,138122841,POINT (-77.40815 38.42366),NULL,51179010210
1N4AZ0CP6E,Newport,Middletown,RI,2842,2014,NISSAN,LEAF,Battery Electric Vehicle (BEV),Clean Alternative Fuel Vehicle Eligible,84,0,NULL,154921007,POINT (-71.29923 41.51624),NULL,44005040302
JTMAB3FV4M,San Diego,Oceanside,CA,92057,2021,TOYOTA,RAV4 PRIME,Plug-in Hybrid Electric Vehicle (PHEV),Clean Alternative Fuel Vehicle Eligible,42,0,NULL,207092126,POINT (-117.30761 33.25426),NULL,6073019303
5YJ3E1EC4L,Rockingham,Portsmouth,NH,3804,2020,TESLA,MODEL 3,Battery Electric Vehicle (BEV),Clean Alternative Fuel Vehicle Eligible,308,0,NULL,8798226,NULL,NULL,33015069200
5YJ3E1EB6J,San Diego,San Diego,CA,92101,2018,TESLA,MODEL 3,Battery Electric Vehicle (BEV),Clean Alternative Fuel Vehicle Eligible,215,0,NULL,325156345,POINT (-117.16171 32.71568),NULL,6073005802
5YJ3E1EB2M,San Mateo,San Mateo,CA,94403,2021,TESLA,MODEL 3,Battery Electric Vehicle (BEV),Eligibility unknown as battery range has not been researched,0,0,NULL,179046164,POINT (-122.31485 37.54704),NULL,6081608400
7SAYGDEF2N,Adams,Aurora,CO,80019,2022,TESLA,MODEL Y,Battery Electric Vehicle (BEV),Eligibility unknown as battery range has not been researched,0,0,NULL,195217186,POINT (-104.758 39.80523),NULL,8001008354
1G1RB6S54J,Middlesex,Bedford,MA,1730,2018,CHEVROLET,VOLT,Plug-in Hybrid Electric Vehicle (PHEV),Clean Alternative Fuel Vehicle Eligible,53,0,NULL,136672980,POINT (-71.28305 42.49301),NULL,25017359100
JTDKARFP1H,Bexar,San Antonio,TX,78258,2017,TOYOTA,PRIUS PRIME,Plug-in Hybrid Electric Vehicle (PHEV),Not eligible due to low battery range,25,0,NULL,348958067,POINT (-98.52212 29.61445),NULL,48029121904
5YJ3E1EA6K,Stafford,Fredericksburg,VA,22405,2019,TESLA,MODEL 3,Battery Electric Vehicle (BEV),Clean Alternative Fuel Vehicle Eligible,220,0,NULL,283686021,POINT (-77.44058 38.33761),NULL,51179010403
JTMFB3FVXM,New London,Waterford,CT,6385,2021,TOYOTA,RAV4 PRIME,Plug-in Hybrid Electric Vehicle (PHEV),Clean Alternative Fuel Vehicle Eligible,42,0,NULL,171282009,POINT (-72.13852 41.34593),NULL,9011693700
1N4AZ0CP0F,DeKalb,Decatur,GA,30030,2015,NISSAN,LEAF,Battery Electric Vehicle (BEV),Clean Alternative Fuel Vehicle Eligible,84,0,NULL,133085886,POINT (-84.29658 33.77437),NULL,13089022700
5YJ3E1EB8J,Honolulu,Mililani,HI,96789,2018,TESLA,MODEL 3,Battery Electric Vehicle (BEV),Clean Alternative Fuel Vehicle Eligible,215,0,NULL,116887858,POINT (-158.00759 21.45509),NULL,15003008943
1N4AZ1BV4N,Hamilton,Cincinnati,OH,45243,2022,NISSAN,LEAF,Battery Electric Vehicle (BEV),Eligibility unknown as battery range has not been researched,0,0,NULL,179906184,POINT (-84.36724 39.19105),NULL,39061024100
1C4JJXR65N,Kauai,Kekaha,HI,96752,2022,JEEP,WRANGLER,Plug-in Hybrid Electric Vehicle (PHEV),Not eligible due to low battery range,22,0,NULL,224600435,POINT (-159.71288 21.96605),NULL,15007040900
5YJYGDEE2L,District of Columbia,Washington,DC,20007,2020,TESLA,MODEL Y,Battery Electric Vehicle (BEV),Clean Alternative Fuel Vehicle Eligible,291,0,NULL,131484006,POINT (-77.0745 38.92255),NULL,11001000802
1C4JJXP61M,Burlington,Medford,NJ,8055,2021,JEEP,WRANGLER,Plug-in Hybrid Electric Vehicle (PHEV),Not eligible due to low battery range,25,0,NULL,196528265,POINT (-74.82236 39.88938),NULL,34005703804
5YJXCAE21H,Anne Arundel,Edgewater,MD,21037,2017,TESLA,MODEL X,Battery Electric Vehicle (BEV),Clean Alternative Fuel Vehicle Eligible,200,0,NULL,126120879,POINT (-76.56552 38.92607),NULL,24003701400
KNDCC3LGXN,St. Tammany,Slidell,LA,70461,2022,KIA,NIRO,Battery Electric Vehicle (BEV),Eligibility unknown as battery range has not been researched,0,0,NULL,189989607,POINT (-89.72188 30.29146),NULL,22103040807
5YJYGDEE4M,Cumberland,Fayetteville,NC,28312,2021,TESLA,MODEL Y,Battery Electric Vehicle (BEV),Eligibility unknown as battery range has not been researched,0,0,NULL,180440935,POINT (-78.84846 35.0396),NULL,37051002600
1G1RD6E4XE,New London,Pawcatuck,CT,6379,2014,CHEVROLET,VOLT,Plug-in Hybrid Electric Vehicle (PHEV),Clean Alternative Fuel Vehicle Eligible,38,0,NULL,217175514,POINT (-71.84172 41.37642),NULL,9011705101
7SAYGAEE5N,New London,Groton,CT,6340,2022,TESLA,MODEL Y,Battery Electric Vehicle (BEV),Eligibility unknown as battery range has not been researched,0,0,NULL,195337425,POINT (-72.07145 41.35486),NULL,9011702300
KNDRJDLH5N,Bryan,Richmond Hill,GA,31324,2022,KIA,SORENTO,Plug-in Hybrid Electric Vehicle (PHEV),Clean Alternative Fuel Vehicle Eligible,32,0,NULL,206948003,POINT (-81.31202 31.94967),NULL,13029920308
JTDKARFP3L,Burlington,Joint Base Mdl,NJ,8641,2020,TOYOTA,PRIUS PRIME,Plug-in Hybrid Electric Vehicle (PHEV),Not eligible due to low battery range,25,0,NULL,151246350,POINT (-74.58482 40.05056),NULL,34005702101
3FMTK3R76M,Santa Clara,Palo Alto,CA,94303,2021,FORD,MUSTANG MACH-E,Battery Electric Vehicle (BEV),Eligibility unknown as battery range has not been researched,0,0,NULL,142133393,POINT (-122.12576 37.44719),NULL,6085510801
1G1RD6E46D,Norfolk,Norfolk,VA,23503,2013,CHEVROLET,VOLT,Plug-in Hybrid Electric Vehicle (PHEV),Clean Alternative Fuel Vehicle Eligible,38,0,NULL,131848146,POINT (-76.23458 36.93595),NULL,51710000600
1G1RB6E46F,Carroll,North Conway,NH,3860,2015,CHEVROLET,VOLT,Plug-in Hybrid Electric Vehicle (PHEV),Clean Alternative Fuel Vehicle Eligible,38,0,NULL,177816061,POINT (-71.12513 44.04945),NULL,33003955302
5YJ3E1EB9M,Dorchester,Summerville,SC,29483,2021,TESLA,MODEL 3,Battery Electric Vehicle (BEV),Eligibility unknown as battery range has not been researched,0,0,NULL,179604183,POINT (-80.17601 33.01897),NULL,45035010506
5UXKT0C36H,Leavenworth,Lansing,KS,66043,2017,BMW,X5,Plug-in Hybrid Electric Vehicle (PHEV),Not eligible due to low battery range,14,0,NULL,122897484,POINT (-94.89874 39.23762),NULL,20103071104
JA4J24A50J,Williams,Williston,ND,58802,2018,MITSUBISHI,OUTLANDER,Plug-in Hybrid Electric Vehicle (PHEV),Not eligible due to low battery range,22,0,NULL,2592005,POINT (7.86484 51.32975),NULL,38105954100
7FCTGAAL7N,Kootenai,Worley,ID,83876,2022,RIVIAN,R1T,Battery Electric Vehicle (BEV),Eligibility unknown as battery range has not been researched,0,0,NULL,211894693,POINT (-116.91895 47.40077),NULL,16055940000
